Date,US.GOVT.B,US.GOVT.13,US.GOVT,US.AGG,GL.AGG.H,US.MBS,US.CORP,US.CORP.IND,US.CORP.FIN,US.CORP.UTIL,US.HY,EMD.USD,US.EQ,GL.EQ,AC.EQ,EM.EQ,HF.FOFD,HF.EVENT,HF.EQUITY,HF.RV,HF.MACRO,REIT,US.PE,GOLD,COMDTY
1993-12-31,108.03,214.7497,259.6964,591.78,145.8849,607.33,701.84,685.09,706.31,727.94,355.6,100,466.45,598.5,151.28,539.34,1841.5761,1942.4478,2489.2093,2009.7358,3218.8229,703.5707,6593.29,390.7,96.694
1994-01-31,108.36,216.0508,263.2652,599.77,146.9116,613.35,715.46,700.19,717.45,742.18,363.32,101.07,481.61,637.01,161.05,548.88,1861.0968,2010.6277,2547.7057,2059.5772,3286.74,724.6103,6892.4,381.9,100.274
1994-02-28,108.51,214.7842,257.789,589.35,144.1018,609.07,698.57,683.28,702.06,725.57,362.37,92.55,467.14,627.79,158.47,538.78,1809.5444,2000.7756,2537.5149,2068.6394,3076.3887,749.5574,6821.1,381.75,99.498
1994-03-31,108.79,213.686,251.8369,574.82,141.4078,593.21,677.13,662.01,684.38,701.18,348.68,80.05,445.77,599.74,151.07,489.21,1763.4011,1989.7714,2484.7346,2075.4659,2970.8685,719.3824,6455.17,391,99.717
1994-04-29,109.02,212.9072,249.9147,570.23,140.3953,588.84,670.61,655.27,678.67,694.2,346.29,78.62,450.91,617.3,154.9,478.36,1759.3452,1975.843,2475.5411,2066.7489,2935.2181,731.0486,6368.7,377.05,101.825
1994-05-31,109.35,213.2075,249.7093,570.15,139.6805,591.17,668.14,653.59,679.24,686.79,346.47,84.27,456.5,617.91,155.54,493.66,1763.2158,1994.4159,2485.6908,2063.8555,3001.2605,745.9134,6319.5,387.3,107.287
1994-06-30,109.78,213.7936,249.226,568.89,138.9449,589.89,666.5,652.55,679,682.96,347.54,79.28,444.27,615.19,154.5,479.18,1776.9689,2016.7534,2475.4995,2068.3959,3005.7624,729.7208,6145.74,386.3,110.326
1994-07-29,110.25,215.6484,253.5196,580.19,141.0551,601.7,683.33,670.32,692.27,703.13,350.49,80.96,458.26,625.89,157.66,508.73,1784.9652,2048.2147,2498.0265,2090.7346,3027.1033,727.8749,6205.48,383.6,111.826
1994-08-31,110.64,216.3598,253.6195,580.91,140.6251,603.6,684.1,670.56,694.29,702.34,352.97,87.56,475.49,643.74,163,571.3,1804.2429,2085.2874,2529.7514,2093.6617,3105.808,731.9062,6425.73,386.6,108.861
1994-09-30,111.01,215.8493,250.1105,572.36,139.4026,595.01,671.35,657.95,683.91,686.45,352.99,89.34,462.69,625.81,158.89,577.29,1814.7075,2093.8371,2563.1442,2087.7994,3102.081,717.0397,6510.81,394.25,109.025
1994-10-31,111.47,216.3476,249.8843,571.85,139.575,594.67,669.81,656.48,682.63,684.6,353.83,86.75,472.35,642.57,162.68,566.11,1821.4219,2085.4617,2573.3967,2090.5135,3098.6687,690.4379,6543.51,384.5,109.902
1994-11-30,111.82,215.4387,249.2834,570.58,140.15,592.81,668.71,656.27,677.6,685.93,349.37,87.13,453.69,613.68,155.33,536,1797.9255,2058.9764,2535.3105,2091.3497,3110.7535,668.0049,6282.29,381.4,109.66
1994-12-30,112.35,215.913,250.9685,574.52,140.6616,597.54,674.24,661.73,681.56,693.6,351.94,81.65,459.27,618.59,155.6,492.58,1784.2613,2058.9764,2554.0718,2090.0949,3080.2682,709.2383,6218.1,383.2,112.755
1995-01-31,112.99,218.8668,255.863,585.89,142.9162,610.33,688.54,676.64,694.59,709.87,356.71,77.91,470.42,608.26,152.15,439.84,1754.9994,2100.9795,2561.734,2116.8481,3053.4698,698.7126,6365.97,375.1,112.109
1995-02-28,113.61,221.7864,261.1888,599.82,145.6186,625.91,708.39,696.09,713.65,731.02,368.94,74.18,487.39,616.07,153.49,428.11,1755.7014,2127.6619,2604.7711,2139.9218,3097.7451,721.3926,6537.17,377.1,111.963
1995-03-31,114.2,223.0038,262.7299,603.5,147.1737,628.86,714.17,702.25,718.83,737.02,372.91,73,500.71,644.67,160.21,429.8,1774.1363,2142.3428,2659.2108,2153.4033,3141.1136,717.0865,6683.41,391.4,114.736
1995-04-28,114.8,224.9588,266.1035,611.93,149.3535,637.8,726.22,713.76,730.51,749,382.4,80.38,514.71,666.04,165.73,448.29,1797.7323,2187.5462,2729.414,2187.2117,3165.6143,718.7128,6869.23,387.1,117.028
1995-05-31,115.44,228.7787,276.9384,635.61,154.5587,657.91,760.45,747.87,759.41,787.64,393.12,87.66,533.4,670.63,167.24,470.95,1812.1142,2227.7971,2762.7128,2203.8345,3246.0209,751.0687,7022.64,384.3,116.228
1995-06-30,116.05,230.0089,279.0565,640.27,155.0049,661.65,767.3,755.39,765.63,795.27,395.62,88.61,544.75,669.32,166.97,471.38,1822.6244,2260.7685,2893.3891,2241.7405,3261.2772,764.3943,7461.27,384.6,115.079
1995-07-31,116.6,230.9576,278.0986,638.84,155.6669,662.79,763.91,752.32,764.27,789.78,400.62,88.64,562.06,701.69,174.74,481.28,1844.1314,2305.5317,3022.4343,2268.193,3389.4454,776.3364,7973.6,382.6,117.314
1995-08-31,117.17,232.2929,281.2097,646.55,157.3705,669.65,776.22,764.58,774.55,804.29,401.87,91.11,561.88,684.96,170.61,469.28,1882.4893,2354.8701,3110.9916,2298.5868,3578.9154,787.8896,8256.44,382.75,119.317
1995-09-29,117.7,233.3469,283.7398,652.84,159.1316,675.54,785.42,774.01,782.71,813.47,406.81,94.32,584.41,703.8,175,466.41,1883.8071,2398.4352,3201.2104,2330.767,3694.1564,802.3072,8560.53,384,120.453
1995-10-31,118.27,235.3017,288.1585,661.33,161.056,681.55,795.64,784.14,792.87,822.35,409.32,93.41,581.5,691.6,171.78,448.11,1863.2736,2400.5938,3155.113,2339.1578,3709.3025,787.5459,8148.97,383,121.481
1995-11-30,118.82,237.3368,292.8316,671.24,163.895,689.34,810.87,799.25,806.79,838.1,412.93,96.56,605.37,714.51,176.88,439.69,1876.1302,2520.8635,3263.3333,2378.4556,3843.9501,795.4458,8316.3,387.8,123.379
1995-12-29,119.47,239.1195,296.9053,680.66,165.9911,697.95,824.23,813.39,818.22,851.79,419.42,103.19,615.93,734.28,181.9,458.37,1922.6582,2576.0704,3346.8747,2417.4623,3983.4855,839.0927,8482.87,387.1,129.908
1996-01-31,120.02,241.1171,298.8258,685.17,167.5114,703.21,829.55,817.03,826.08,855.97,426.8,111.99,636.02,746.45,185.64,490.52,1965.5335,2676.2796,3382.3515,2452.7573,4193.8136,855.162,8584.31,406.3,130.842
1996-02-29,120.46,240.3081,292.8994,673.27,165.015,697.37,809.84,796.29,811.67,832.98,427.14,105.56,640.43,749.86,186.09,481.92,1958.8507,2715.0856,3477.7338,2487.8317,4035.7068,861.7522,8835.96,400.75,133.634
1996-03-29,120.93,240.1307,290.3076,668.59,164.8342,694.85,802.94,789.06,805.3,826.95,426.85,107.93,645.5,761.18,188.64,484.8,1979.4186,2766.1292,3543.8108,2516.4418,4050.6389,860.515,9095.49,395.45,139.991
1996-04-30,121.44,240.2892,288.0351,664.83,165.1939,692.89,796.28,781.84,800.24,819.21,427.79,113.27,654.17,777.93,192.9,502.46,2049.49,2838.6018,3733.0503,2567.7772,4176.6138,863.3091,9844.67,391.65,146.847
1996-05-31,121.97,240.9454,287.9739,663.48,165.3962,690.87,794.89,781.32,798.68,816.91,430.36,115.03,669.12,777.44,192.76,498.99,2070.3948,2938.8044,3871.1731,2612.4565,4173.2725,886.7407,10547.84,391,146.185
1996-06-28,122.51,242.6465,291.5588,672.39,167.2925,700.38,806.55,792.82,808.4,831.43,433.92,118.22,670.63,780.2,193.48,501.04,2075.7778,2951.4413,3842.9136,2638.3198,4129.0358,898.9576,9976.66,380.45,145.942
1996-07-31,123.04,243.5701,292.1945,674.23,168.0836,702.95,808.11,794.26,809.83,832.67,435.94,119.49,639.95,751.45,185.93,465.87,2037.3759,2936.6841,3732.622,2623.0176,4003.5131,906.7001,8922.99,387.05,143.871
1996-08-30,123.62,244.4968,291.6264,673.1,168.7101,702.94,805.62,791.41,809.25,827.62,440.65,123.28,651.99,758.9,187.89,477.13,2058.7684,3007.7519,3830.7899,2663.1497,4032.7388,943.5915,9418.03,386.5,150.853
1996-09-30,124.23,246.6792,296.4199,684.83,171.9786,714.71,822.7,808.7,824.07,847.69,451.27,130.49,687.31,787.44,194.51,480.62,2073.1798,3067.0046,3914.3011,2684.4549,4113.7968,959.998,9818.95,378.4,151.621
1996-10-31,124.83,249.4744,303.0979,700,175.3326,728.73,845.16,832.06,843.18,872.48,454.74,131.57,705.27,791.75,194.98,467.43,2099.7165,3096.7545,3975.3642,2689.0185,4178.7948,990.8015,9567.69,378.05,149.508
1996-11-29,125.39,251.2775,308.1579,711.99,178.5638,739.16,863.22,850.79,858.05,892.06,463.71,138.05,757.02,834.93,205.08,474.71,2151.5795,3159.6186,4041.3553,2716.4465,4376.0339,1035.88,9736.54,371.65,157.848
1996-12-31,125.92,251.3134,305.0219,705.37,177.7346,735.29,851.3,838.44,848.9,877.71,467.03,139.55,740.74,820.36,201.78,476.31,2169.0073,3215.8598,4074.8985,2767.7873,4354.5914,1139.098,9994,367.7,160.001
1997-01-31,126.49,252.5139,305.487,707.53,178.8953,740.75,852.5,838.91,852.06,877.92,471.59,143.79,786.16,829.08,204.86,508.42,2254.8999,3307.1903,4188.1807,2805.9828,4578.4173,1151.783,10461.23,344.35,161.025
1997-02-28,126.98,253.1014,305.6335,709.29,179.6114,743.22,856.07,842.73,855.2,882.97,479.39,146.13,790.82,837.44,207.34,529.86,2301.1254,3337.9471,4178.1291,2836.568,4651.2142,1152.771,10153.44,363.45,162.713
1997-03-31,127.49,253.0228,302.5951,701.43,178.0428,736.22,842.74,828.42,844.43,869.09,472.25,141.26,757.12,819.68,202.84,514.61,2280.6454,3320.256,4147.6287,2817.8467,4593.5391,1142.106,9584.81,351.25,166.108
1997-04-30,128.11,254.9939,306.7615,711.93,180.4049,747.96,855.51,840.96,855.33,884.45,477.23,145.41,801.34,845.28,208.99,513.7,2283.3821,3292.6979,4136.4301,2854.4787,4583.4333,1116.073,9204.25,339.5,167.415
1997-05-30,128.79,256.7452,309.4482,718.66,181.8939,755.28,865.2,851.32,864.85,893.46,487.44,150.34,848.28,896.24,221.11,527.01,2308.271,3436.2595,4344.9062,2906.7156,4667.3102,1151.788,10143.37,344.65,169.885
1997-06-30,129.35,258.5155,312.9138,727.19,184.4042,764.09,877.45,864.6,874.77,907.23,494.2,153.63,885.14,939.75,232.08,554.12,2374.2876,3527.3204,4430.5009,2962.8152,4752.2552,1207.072,10718.61,333.95,160.121
1997-07-31,129.97,261.3336,321.9042,746.79,188.4134,778.49,909.56,899.01,900.81,943.27,507.77,159.98,954.29,981.84,242.24,561.32,2461.6613,3623.2635,4654.2412,3009.3314,5032.6383,1243.195,11282.26,324.55,165.319
1997-08-29,130.54,261.6065,318.5999,740.43,187.5273,776.65,896.13,884.15,890.93,927.94,506.62,159.21,899.47,914.97,224.92,489.24,2454.0302,3642.1045,4717.0734,3052.3649,4969.7303,1240.704,11777.21,324.15,165.153
1997-09-30,131.16,263.6021,323.4925,751.35,190.5341,786.49,911.81,900.44,904.76,945.37,516.66,163.62,947.28,963.49,236.58,502.05,2522.4976,3772.856,4985.4749,3109.1389,5121.3071,1339.809,12956.14,334.45,167.002
1997-10-31,131.74,265.5685,329.1369,762.25,192.5751,795.21,923.37,913.61,915.36,958.77,517.12,146.29,914.62,911.57,222.17,419.26,2465.2369,3789.8339,5004.9183,3138.9866,5039.3662,1305.667,12539.63,311.45,167.664
1997-11-28,132.28,266.2296,330.8614,765.76,193.7154,797.82,928.58,919.98,919.62,965.06,522.06,152.49,955.4,926.5,225.26,403.67,2444.529,3841.3756,4958.3725,3180.1073,5026.7677,1327.804,12292.72,297,161.008
1997-12-31,132.88,268.042,334.4197,773.47,195.8037,805.09,938.42,932.11,929.96,977.71,526.64,156.22,970.43,936.59,227.88,412.46,2466.0408,3898.6121,5028.7814,3208.7283,5174.052,1353.942,12194.87,289.05,154.579
1998-01-30,133.55,270.6346,339.5606,783.4,198.4131,813.1,949.55,942.21,941.58,989.4,536.12,156.97,980.28,961.49,232.58,379.8,2435.2153,3908.3586,5020.7354,3272.2611,5184.4001,1347.607,12151.11,302.45,155.15
1998-02-27,134.03,270.8637,338.4801,782.81,199.0281,814.82,949.24,941.92,942.84,988.54,539.26,161.12,1049.34,1025.3,248.16,419.23,2492.6864,4039.6795,5226.0834,3317.7455,5282.9037,1324.74,12939.21,299.15,148.477
1998-03-31,134.67,271.9198,339.5016,785.5,200.1458,818.27,952.75,944.93,946.27,992.06,544.32,164.78,1101.75,1067.35,258.39,436.02,2613.3324,4158.0421,5463.3476,3369.8341,5549.6904,1346.589,13617.62,300.95,148.907
1998-04-30,135.29,273.2238,340.9933,789.6,201.0992,822.9,958.77,950.32,952.6,998.22,546.47,165.16,1111.75,1076.53,260.45,430.41,2638.4204,4170.932,5539.2881,3434.8719,5542.4758,1303.301,13921.44,306.65,146.959
1998-05-29,135.88,274.6779,344.4836,797.09,203.3065,828.37,970.15,962.59,962.02,1011.44,548.37,160.17,1090.82,1061.79,255.14,370.1,2599.8995,4121.2979,5468.9392,3445.1766,5546.9098,1292.249,13222.55,292.95,139.721
1998-06-30,136.47,276.095,348.4819,803.85,204.7031,832.32,977.32,970.52,968.98,1016.87,550.34,156.11,1133.84,1085.74,259.39,330.52,2577.5403,4134.074,5496.2839,3450.6888,5578.5271,1284.195,12869.24,296.95,136.722
1998-07-31,137.09,277.4188,349.0236,805.56,205.8691,836.54,976.4,967.74,969.89,1016.57,553.47,157.02,1120.67,1082.74,259.12,339.83,2572.643,4110.5097,5459.4588,3433.0903,5591.3578,1200.006,12095.81,286.45,128.487
1998-08-31,137.78,280.7819,358.4082,818.67,209.3935,844.13,980.97,973.85,973.86,1025.02,522.93,114.09,957.28,937.09,222.45,240.31,2373.2632,3744.6744,5041.8102,3233.9711,5384.4775,1075.843,9527.91,275.55,120.346
1998-09-30,138.54,284.5889,368.4095,837.84,214.1547,854.32,1012.75,1008.11,1000.19,1066.21,525.29,123.95,1017.01,952.39,226.53,254.87,2302.3026,3721.4574,5201.1314,3240.1156,5357.5551,1144.13,10038.27,296.95,129.683
1998-10-30,139.11,286.0409,367.1415,833.42,213.5594,853.22,997.13,988.48,987.01,1048.3,514.53,131.87,1098.67,1037.21,246.87,281.4,2255.5658,3767.9756,5329.5993,3224.5631,5259.5119,1112.972,10349.47,292.55,125.826
1998-11-30,139.51,285.7163,367.1839,838.14,215.3328,857.47,1015.92,1009.5,1006.28,1061.43,535.88,140.91,1163.63,1097.62,261.53,304.53,2260.077,3859.5374,5534.2559,3278.0908,5363.6502,1133.232,11146.13,293.2,116.76
1998-12-31,140.06,286.7382,367.8765,840.66,214.9343,861.11,1018.87,1010.64,1008.98,1069.98,536.47,138.18,1229.23,1149.95,273.3,298.97,2330.5914,3964.9028,5832.5523,3298.7428,5494.5233,1099.094,11469.1,288.25,112.796
1999-01-29,140.6,287.848,370.1321,846.66,217.5869,867.24,1028.94,1021.91,1017.86,1080.56,544.43,135.04,1279.64,1173.84,278.55,293.91,2368.347,4030.3237,6123.0135,3384.84,5539.0289,1077.241,12023.69,286.15,112.304
1999-02-26,141.01,286.5679,360.7716,831.88,214.8623,863.81,1004.52,994.38,998.86,1055.49,541.23,136.37,1238.33,1141.33,271.21,296.56,2361.7156,4010.9781,5975.4488,3388.5633,5470.345,1048.316,11214.45,287.05,108.391
1999-03-31,141.62,288.4901,362.1994,836.49,216.5595,869.61,1011.63,1000.41,1006.63,1063.02,546.39,145.41,1286.37,1187.55,283.04,334.75,2413.6733,4093.6043,6217.4545,3407.8781,5528.8776,1043.053,11113.33,280.05,118.779
1999-04-30,142.13,289.4304,363.0083,839.14,218.2112,873.62,1014.59,1001.4,1010.25,1064.93,556.98,154.35,1335.18,1233.06,294.92,375.66,2501.531,4303.6062,6543.8709,3503.2987,5742.2923,1144.332,12152.53,286.55,123.581
1999-05-31,142.64,289.233,359.7623,831.79,216.9538,868.74,1001.02,987.31,998.51,1051.82,549.44,146.38,1301.84,1186.7,284.11,372.33,2525.0454,4389.6783,6623.7061,3544.2873,5690.6117,1169.513,12515.64,270.35,115.987
1999-06-30,143.19,290.1299,358.8799,829.14,214.9628,865.68,995.8,980.44,994.06,1047.2,548.27,152,1372.71,1240.75,297.89,413.81,2609.1294,4518.2959,6875.4069,3592.844,5813.5289,1153.417,13050.81,262.5,122.469
1999-07-30,143.78,291.0832,358.5761,825.61,214.0692,859.81,990.29,974.79,988.84,1041.53,550.47,149.47,1328.72,1235.7,296.31,401.94,2620.3487,4554.8941,6917.3469,3622.6646,5840.2711,1111.085,13160.69,255.95,124.623
1999-08-31,144.3,291.9177,358.6487,825.19,214.2291,859.78,987.88,970.87,987.92,1036.98,544.39,149.57,1320.41,1232.16,295.6,405.3,2625.8514,4519.3659,6920.1138,3651.646,5808.1497,1086.833,12777.92,255.68,131.852
1999-09-30,144.95,293.8249,361.439,834.77,215.5189,873.73,998.61,980.41,999.13,1048.27,540.47,154.27,1282.71,1218.9,292.06,391.07,2604.0569,4592.5796,6944.3342,3669.1739,5870.8777,1046.385,12710.32,298.75,138.712
1999-10-29,145.49,294.5473,361.8707,837.85,216.0894,878.76,1003.2,983.2,1005.49,1056.67,536.88,159.73,1362.93,1280.94,306.5,399.05,2637.9096,4611.8685,7106.1372,3688.6205,5826.8461,1019.386,12632.99,299.2,133.214
1999-11-30,146,295.07,361.1941,837.79,216.8599,879.24,1004.27,982.27,1008.18,1055.92,543.19,164.01,1388.91,1315.67,315.68,434.7,2779.0378,4767.7496,7586.5121,3728.4576,6050.0143,997.9609,14118.68,290.7,136.338
1999-12-31,146.63,295.4626,358.8676,833.75,216.6239,877.09,998.95,976.31,1003.48,1051.88,549.3,171.59,1469.25,1420.88,341.63,489.42,2993.8574,4929.3763,8411.9246,3784.7573,6462.6253,1027.917,16170.54,288,140.257
2000-01-31,147.24,295.3757,359.7158,831.02,216.2309,869.49,995.43,972.69,1000.03,1049.01,546.93,168.95,1394.46,1338.25,322.83,491.39,3045.0524,4965.8537,8432.9544,3853.6399,6536.2992,1031.409,16916.15,283.5,147.861
2000-02-29,147.91,297.3254,365.1246,841.07,218.2874,879.57,1004.66,983.14,1006.31,1057.18,547.99,178.03,1366.42,1340.58,323.59,497.74,3209.4852,5152.5698,9276.2499,3902.5811,6776.1814,1017.948,21024.74,292.2,150.446
2000-03-31,148.62,299.159,372.3492,852.15,221.1969,889.19,1013.22,990.81,1015.3,1057.92,536.47,182.87,1498.58,1431.94,344.5,499.4,3209.8061,5154.1156,9436.729,3972.8276,6622.3621,1050.948,18989.74,279.07,151.904
2000-04-28,149.39,299.9005,371.2505,849.71,221.3908,889.8,1004.32,980.66,1007.02,1051.65,537.33,179.5,1452.43,1370.11,328.68,451.36,3074.3523,5077.8347,9041.3301,4028.8444,6378.6591,1120.168,15985.04,273.55,150.039
2000-05-31,150.18,301.1362,371.7996,849.32,221.9728,890.21,1000.58,976.56,1002.83,1051.48,531.82,175.35,1420.6,1334.14,319.78,431.7,3019.014,5038.7354,8820.7216,4056.2406,6280.4278,1131.892,14496.58,272.1,160.137
2000-06-30,150.9,304.3006,378.0756,866.99,224.733,909.24,1025.71,1003.51,1022.19,1083.7,542.65,183.52,1454.6,1377.72,330.21,445.52,3109.8863,5185.8664,9248.5266,4144.6666,6358.3051,1161.923,16416.42,289.52,163.916
2000-07-31,151.6,306.2083,381.9279,874.86,226.4867,915.08,1038.15,1014.95,1035.02,1099.67,546.79,188.76,1430.83,1337.65,320.16,422.08,3098.3797,5193.6452,9102.3999,4183.212,6361.4842,1260.659,15629.41,277.25,155.704
2000-08-31,152.34,308.4633,387.4928,887.54,228.1489,928.95,1051.14,1026.83,1049,1114.31,550.53,194.78,1517.68,1379.87,329.76,423.56,3146.4046,5298.0375,9589.3783,4249.7251,6471.5379,1210.663,16822.3,277.85,171.018
2000-09-29,153.19,310.7076,387.8425,893.12,230.0034,938.58,1056.9,1029.35,1059.85,1118.13,545.72,192.68,1436.51,1305.24,311.31,386.03,3106.4453,5331.4151,9485.813,4288.3976,6329.8112,1249.595,16563.45,274.25,169.956
2000-10-31,153.96,312.3813,391.6089,899.03,231.7256,945.32,1057.16,1027.8,1061.31,1124.41,528.24,188.77,1429.4,1282.14,304.89,357.85,3071.3424,5261.0404,9295.1481,4269.0998,6283.6036,1196.018,15100.22,265.15,165.847
2000-11-30,154.8,315.3233,399.6121,913.73,235.6247,959.54,1069.71,1039.99,1071.61,1147.21,507.32,188.01,1314.95,1203.05,285.68,326.36,3036.9434,5138.9843,8895.4568,4264.8307,6299.3126,1210.257,13103.99,270.45,179.184
2000-12-29,155.74,319.1152,407.2527,930.68,239.0191,974.99,1089.65,1057.15,1099.33,1151.3,517.12,196.31,1320.28,1221.25,290.11,333.79,3067.9202,5261.806,9176.5532,4292.1256,6589.7109,1294.047,13212.15,272.25,184.917
2001-01-31,156.75,323.1257,410.4214,945.9,242.2957,990.17,1120.84,1092.27,1125.95,1174.92,555.86,205.78,1366.01,1244.22,297.27,379.02,3121.6088,5503.3229,9440.8379,4379.685,6731.3897,1312.883,15178.17,265.85,180.573
2001-02-28,157.35,325.2676,415.4264,954.14,244.4284,995.84,1130.31,1098.47,1139.47,1186.25,563.26,203.04,1239.94,1137.88,271.97,349.02,3108.4981,5482.4103,9199.1525,4425.6717,6616.283,1295.873,13936.71,267.15,179.812
2001-03-30,158.13,327.9674,416.7911,958.93,246.0392,1001.62,1137.25,1104.67,1147.94,1190.53,550,200.77,1160.33,1061.26,253.12,313.14,3104.7679,5468.7043,8987.572,4437.1784,6671.1981,1307.675,13290.24,257.95,172.151
2001-04-30,158.8,328.8206,411.6578,954.95,244.8569,1003.01,1133.53,1099.67,1147.74,1180.45,543.15,199.8,1249.46,1138.09,271.09,327.71,3123.3965,5535.9693,9191.5899,4470.901,6663.1927,1342.063,14018.97,264.05,178.208
2001-05-31,159.42,330.6298,413.0388,960.71,246.3151,1009.66,1143.59,1111.25,1156.07,1187.81,552.93,204.62,1255.82,1121.09,267.37,330.54,3154.9428,5643.3671,9274.3142,4512.4803,6656.5295,1376.063,15479.08,265.85,174.471
2001-06-29,159.88,331.7591,415.1941,964.34,247.5474,1011.82,1149.31,1116.23,1162.39,1195.01,537.42,207.74,1224.42,1084.79,258.84,322.89,3155.5738,5706.0085,9244.6364,4502.1016,6685.1525,1456.511,15933.11,270.85,167.513
2001-07-31,160.4,335.512,425.4754,985.9,251.2097,1029.78,1180.46,1148.15,1190.36,1231.35,545.33,196.98,1211.23,1069.67,254.54,301.67,3137.587,5723.1265,9146.6432,4533.6164,6665.0971,1431.317,15458.33,266.65,169.694
2001-08-31,160.91,337.5517,430.9716,997.19,253.5504,1038.87,1195.79,1163.29,1205.06,1248.87,551.76,205.8,1133.58,1016.73,242.41,298.17,3152.6474,5796.9549,9035.0542,4572.1521,6703.0881,1479.801,14922.21,274.4,169.62
2001-09-28,161.63,343.0215,437.9062,1008.81,255.5888,1054.43,1191.78,1151.58,1210.72,1252.02,514.68,199.07,1040.94,926.02,219.96,251.4,3090.225,5607.9742,8698.0467,4583.1253,6745.3176,1420.491,13126.12,293.25,158.178
2001-10-31,162.05,346.1993,449.8077,1029.92,260.238,1069.01,1221.11,1185.8,1233.76,1275.21,527.41,199.18,1059.78,943.2,224.48,266.86,3108.7663,5724.0592,8858.9605,4622.0818,6928.1157,1382.22,14220.13,279.65,150.67
2001-11-30,162.38,345.4679,438.8585,1015.72,258.0644,1059.13,1210.79,1177.76,1227.5,1239.66,546.65,196.63,1139.45,997.93,238,294.43,3120.8905,5815.0718,9033.482,4647.0411,6937.8151,1456.214,15281.86,274.4,151.834
2001-12-31,162.64,345.6187,434.6658,1009.27,256.3274,1055.14,1202.03,1171.42,1218.81,1218.67,544.42,198.98,1148.08,1003.52,240.03,317.4,3153.6599,5902.8793,9213.2483,4674.9233,7042.5761,1494.651,16423.59,278.95,148.843
2002-01-31,162.87,346.3094,437.5098,1017.44,257.5343,1064.91,1212.23,1179.71,1229.87,1235.47,548.21,202.66,1130.2,972.42,233.26,327.75,3167.983,5949.2617,9233.952,4722.9108,7071.5432,1500.339,16643.54,282.55,147.842
2002-02-28,163.1,347.9952,441.5615,1027.3,258.9035,1077.03,1220.23,1185.22,1242.63,1239.28,540.56,210.26,1106.73,962.73,231.21,332.77,3164.8941,5867.714,9151.632,4724.8968,6986.1259,1527.496,15743.87,296.55,151.673
2002-03-29,163.33,345.4973,430.8068,1010.21,256.1642,1065.62,1197.56,1159.89,1223.12,1221.21,553.57,210.49,1147.39,1003.6,241.17,351.43,3187.349,5979.8685,9337.15,4754.8172,7133.6559,1618.94,17139.57,302.65,167.182
2002-04-30,163.61,349.4856,441.3574,1029.8,259.6117,1085.8,1212.66,1163.89,1250.9,1249.11,562.2,212.56,1076.92,968.25,233.13,352.84,3208.4695,5996.3867,9352.6209,4782.9567,7161.4772,1640.205,17380.83,308.45,167.183
2002-05-31,163.88,350.8334,443.9075,1038.55,260.8321,1093.68,1229.72,1182.14,1269.82,1252.06,559.3,211.46,1067.14,967.85,232.82,346.28,3225.0398,5976.58,9352.7932,4793.0019,7295.6654,1663.909,17182.01,326.55,164.612
2002-06-28,164.14,353.8595,450.1662,1047.53,263.5455,1102.7,1229.84,1175.04,1279.57,1254.69,518.06,200.79,989.81,907.81,218.25,319.75,3196.7016,5748.2376,9106.701,4783.9258,7383.3379,1709.474,16704.78,314.45,167.805
2002-07-31,164.38,358.2336,460.7544,1060.17,266.3024,1115.32,1225.37,1178.12,1290.78,1157.25,495.43,191.7,911.62,830.55,199.73,294.62,3150.449,5498.2162,8748.837,4774.5339,7358.3379,1623.17,14633.57,303.55,166.896
2002-08-30,164.62,359.3359,470.4986,1078.07,270.1214,1124.09,1257.87,1213.11,1312.52,1214.06,509.56,205.73,916.07,830.58,199.85,298.89,3161.1111,5518.511,8773.6653,4807.1797,7404.6352,1622.776,14520.62,312.75,173.472
2002-09-30,164.88,362.3909,483.1682,1095.53,273.7467,1132.07,1281.86,1241.17,1334.56,1223.22,502.87,200.03,815.28,738.18,177.63,266.11,3149.451,5436.3853,8601.5794,4821.187,7473.6359,1558.643,13584.88,323.55,180.005
2002-10-31,165.12,363.2132,477.6681,1090.54,273.0486,1136.4,1264.65,1233.46,1312.48,1177.07,498.48,212.34,885.76,791.88,190.49,283.16,3140.4717,5474.5492,8649.3765,4841.1561,7350.6886,1487.432,14011.94,317.75,178.148
2002-11-29,165.37,362.0229,473.1126,1090.25,273.3774,1135.59,1284.42,1253.61,1328.57,1207.17,529.36,218.36,936.31,833.47,200.6,302.36,3166.3667,5634.6293,8880.3166,4895.2415,7316.6174,1554.814,15669.83,318.15,178.653
2002-12-31,165.56,365.5853,485.2583,1112.77,277.9982,1147.45,1323.64,1294.67,1366.67,1238.51,536.76,225.07,879.82,792.21,190.8,292.09,3190.4944,5649.054,8779.525,4929.2635,7566.4067,1572.605,14992.74,348.05,187.401
2003-01-31,165.74,365.4735,483.7278,1113.72,279.277,1150.25,1329.21,1297.47,1373.5,1253.69,554.63,228.78,855.7,767.48,185.03,290.44,3215.6036,5723.0001,8778.9105,4979.9363,7757.0802,1528.738,15078.53,368.15,201.826
2003-02-28,165.88,367.0302,492.08,1129.13,282.0762,1157.96,1356.52,1324.76,1398.77,1287.62,561.47,236.1,841.15,752.86,181.51,281.29,3224.9289,5717.4488,8710.2594,5014.5469,7905.2404,1553.504,14741.4,349.95,208.617
2003-03-31,166.07,367.6674,489.9896,1128.26,281.8338,1158.06,1357.1,1324.78,1398.24,1295.4,577.62,239.93,848.18,748.63,180.2,272.27,3227.3153,5771.8217,8704.5977,5050.2504,7728.8745,1585.621,14938.81,337.45,192.877
2003-04-30,166.22,368.3872,492.2722,1137.57,283.3655,1162.9,1384.19,1352.68,1423.1,1325.55,611.89,253.6,916.92,813.3,195.75,295.17,3264.2681,5953.7495,8916.2935,5120.1964,7823.7078,1661.259,16420.3,338.55,191.676
2003-05-30,166.39,369.7656,506.5761,1158.78,288.2537,1163.86,1429.05,1402.22,1462.81,1364.03,618.21,264.11,963.59,857.65,206.54,315.44,3331.6752,6200.592,9279.9892,5170.3231,8266.9208,1762.951,18754.25,364.45,202.881
2003-06-30,166.59,370.2975,503.3869,1156.48,287.3253,1165.76,1425.78,1397.63,1461.55,1359.99,635.99,264.1,974.5,871.07,210.08,332.68,3354.5971,6352.8785,9420.9522,5195.089,8310.8182,1808.806,19865.89,346.4,197.865
2003-07-31,166.71,368.2788,481.344,1117.6,281.3986,1143.92,1363.85,1330.17,1407.12,1300.8,629,254.75,990.31,887.78,214.46,352.62,3361.0044,6445.6305,9648.374,5197.0631,8371.1547,1903.503,21584.42,354.35,199.055
2003-08-29,166.84,368.4951,484.1679,1125.02,281.2684,1152.06,1375.19,1343.94,1417.17,1304.08,636.23,260.95,1008.01,905.32,219.1,375.52,3389.2369,6571.1914,9878.1018,5216.4481,8526.5234,1911.694,22633.88,375.55,206.916
2003-09-30,167,371.9081,498.7213,1154.8,286.2255,1171.69,1424.43,1394.83,1463.85,1352.33,653.62,270.1,995.97,909.64,220.15,377.63,3428.4164,6654.5799,9955.4473,5261.1531,8719.0523,1971.868,23513.82,385.35,207.089
2003-10-31,167.13,370.4734,491.1867,1144.03,283.529,1167.63,1409.45,1378.63,1449.15,1344.69,666.82,271.42,1050.71,962.71,233.24,409.11,3479.8427,6821.6764,10265.7586,5316.7635,8869.8047,2014.348,25616.17,384.25,216.979
2003-11-28,167.27,370.2996,491.8967,1146.77,283.9315,1170.07,1416.61,1387.65,1452.65,1353.25,676.93,274.76,1058.2,976.02,236.42,413.33,3502.2181,6932.8015,10382.2749,5342.4435,8886.9234,2105.337,26730.3,398.15,216.296
2003-12-31,167.39,372.4451,496.2585,1158.44,286.6433,1182.64,1432.74,1406.29,1466.21,1362.53,692.26,282.83,1111.92,1036.32,251.13,442.78,3554.8914,7079.7075,10582.4452,5408.3158,9187.4792,2177.529,27466.91,415.45,232.249
2004-01-30,167.53,373.1798,500.4421,1167.76,288.3134,1190.05,1447.76,1421.43,1480.41,1378.66,705.47,284.28,1131.13,1052.29,255.2,457.19,3609.5657,7277.8685,10788.8029,5473.8105,9246.8303,2271.209,29619.57,402.45,236.46
2004-02-27,167.65,374.98,506.5683,1180.4,291.2117,1200.08,1465.79,1438.64,1498.67,1399.43,703.7,285.27,1144.94,1068.65,259.51,477.73,3648.946,7365.3485,10908.5586,5503.9165,9431.6744,2321.024,29776.86,396.15,251.802
2004-03-31,167.78,376.1422,511.3802,1189.24,292.6739,1205.34,1479.63,1452.27,1513.2,1411.02,708.48,292.39,1126.21,1059.16,257.43,482.06,3665.1474,7369.6204,10947.7203,5527.7484,9537.5921,2450.944,29560.43,426.45,259.577
2004-04-30,167.91,372.4209,494.9585,1158.3,288.1824,1183.88,1433.11,1406.13,1467.36,1363.01,703.66,276.51,1107.31,1035.66,250.93,441.3,3639.1615,7328.2032,10720.2267,5499.778,9266.7245,2076.832,28602.81,386.75,254.973
2004-05-31,168.03,372.0863,493.347,1153.66,287.3902,1181.29,1422.74,1396.35,1456.1,1353.2,691.74,272.41,1120.68,1042.63,252.28,431.26,3607.2096,7305.3392,10699.7511,5480.8038,9202.3208,2223.499,28412.39,395.55,259.296
2004-06-30,168.14,372.0697,495.426,1160.18,287.9019,1191.74,1429.02,1402.73,1462.07,1359.64,701.66,276.41,1140.84,1062.51,256.89,432.2,3620.1956,7433.767,10813.7034,5489.6279,9192.1982,2290.042,28960.06,394.25,248.545
2004-07-30,168.33,373.3936,499.9567,1171.68,289.8834,1202.42,1446.8,1420.44,1479.1,1379.74,711.2,284.62,1101.72,1026.99,248.45,423.14,3599.7415,7364.5586,10610.1895,5525.4202,9161.9559,2291.007,26841.35,391.05,252.936
2004-08-31,168.54,375.9945,510.2789,1194.03,294.5143,1220.96,1481.2,1455.4,1512.39,1412.96,725.15,296.37,1104.24,1029.63,249.51,439.75,3599.4175,7400.7186,10571.2501,5571.005,9140.6085,2471.59,26432.69,409.85,248.326
2004-09-30,168.73,375.6785,511.623,1197.27,295.7661,1222.82,1490.32,1465.95,1518.69,1424.3,735.68,301.3,1114.58,1047.86,254.37,464.15,3629.0767,7501.7384,10781.3009,5590.8377,9216.9326,2476.383,27489.68,418.25,265.328
2004-10-29,168.94,376.8507,515.6616,1207.31,297.948,1232.67,1504.87,1481.32,1531.22,1441.22,748.97,306.15,1130.2,1072.7,260.38,474.27,3657.3109,7613.4393,10832.512,5608.2252,9294.1705,2588.963,27862.63,428.55,269.818
2004-11-30,169.16,374.9711,508.7315,1197.68,298.567,1229.6,1489.56,1466.74,1515.66,1423.39,758,308.29,1173.82,1127.34,274.17,517.95,3753.8273,7920.4893,11197.5677,5668.065,9554.872,2709.024,30238.55,450.95,266.586
2004-12-31,169.47,375.746,513.7882,1208.7,300.6734,1238.26,1509.94,1489.64,1531.88,1444.69,769.3,316.01,1211.92,1169.34,284.52,542.17,3810.3224,8142.1838,11394.7569,5710.3488,9612.7745,2839.705,32185.26,438.45,253.495
2005-01-31,169.77,375.5943,517.5332,1216.29,302.949,1244.85,1521.97,1502.1,1541.96,1461.86,768.3,317.99,1181.27,1142.35,278.3,542.28,3810.9702,8130.1334,11328.4394,5727.5369,9557.4049,2615.034,30845.39,422.6,256.14
2005-02-28,170.04,374.7371,513.3061,1209.11,301.6801,1239.08,1512.9,1492.88,1533.35,1452.32,779.6,320.11,1203.6,1176.7,287.49,588.68,3865.0479,8242.7357,11569.5086,5772.3835,9730.0117,2673.206,30871.07,435.65,274.235
2005-03-31,170.44,374.7284,511.6158,1202.9,302.1499,1236.78,1492.85,1466.74,1520.96,1437.12,756.93,311.96,1180.59,1151.18,280.51,548.69,3845.1042,8226.4151,11447.6816,5752.1802,9671.5343,2624.253,29531.24,428.35,284.012
2005-04-29,170.84,376.8579,520.5574,1219.18,305.9009,1250.47,1512.21,1481.65,1544.85,1462.3,749.55,316.88,1156.85,1123.64,273.7,531.99,3786.9278,8086.0725,11192.1694,5703.6318,9568.9193,2747.031,27704.54,434.39,267.441
2005-05-31,171.28,378.2726,527.0034,1232.37,308.8826,1260.32,1533,1503.87,1562.64,1486.68,762.86,326.36,1191.5,1140.68,278.07,548.15,3795.1454,8183.1054,11365.8719,5697.7,9601.9321,2845.254,28943.07,417.25,265.365
2005-06-30,171.65,379.0069,530.2549,1239.09,311.5135,1264.89,1545.57,1517.65,1573.28,1500.66,777.83,332.16,1191.33,1148.81,280.44,565.17,3844.6341,8291.5315,11588.6429,5752.341,9703.2325,2978.97,30178.94,435.5,269.832
2005-07-29,172.05,377.9257,523.0372,1227.82,309.8037,1258.55,1530.31,1503.66,1557.36,1482.09,791.43,331.34,1234.18,1188.16,290.57,602.56,3913.9529,8486.4654,11930.392,5829.4223,9775.1334,3174.61,32497.7,429.8,281.929
2005-08-31,172.54,380.2759,531.4575,1243.55,312.8909,1269.7,1553.73,1526.59,1580.2,1509.45,792.94,337.77,1220.33,1194.81,292.2,606.23,3947.0649,8561.7404,12018.7962,5869.7036,9846.0031,3039.82,32153.12,435.2,303.209
2005-09-30,173.05,379.3249,524.3898,1230.74,311.4003,1263.02,1528.65,1498.33,1560.84,1478.7,785.03,343.48,1228.81,1224.31,300.6,661.32,4007.2971,8647.1865,12289.5797,5938.6727,10053.5569,3036.754,32374.73,469.3,317.316
2005-10-31,173.51,379.2645,520.256,1221,309.4429,1254.22,1511,1478.08,1547.23,1458.85,779.55,338.4,1207.01,1193.88,292.32,617.41,3946.7869,8491.7101,12059.3959,5917.5904,9989.8173,2953.73,31205.56,465.19,297.376
2005-11-30,174.07,380.484,522.854,1226.4,310.9145,1258.3,1519.88,1486.13,1556.65,1469.41,783.62,343.57,1249.48,1231.41,302.43,667.99,4013.9613,8601.2532,12316.864,5966.3513,10135.8685,3081.87,32319.06,493.08,298.144
2005-12-30,174.64,381.9329,528.1529,1238.06,313.5422,1270.61,1535.25,1501.3,1571.23,1488.36,790.35,349.92,1248.29,1257.78,309.63,706.48,4094.5616,8736.0348,12602.1226,6054.355,10265.1008,3075.06,32576.23,517,307.65
2006-01-31,175.19,382.5559,526.5533,1238.13,313.2902,1274.7,1532.02,1496.92,1569.83,1483.33,802.96,354.11,1280.09,1313.21,324.66,783.77,4210.6834,9026.2459,13100.1584,6187.4903,10511.5658,3290.12,35481.99,568.9,313.34
2006-02-28,175.74,382.8774,527.4426,1242.24,314.1947,1280.64,1538.94,1505.25,1574.71,1491.38,808.32,361.98,1280.66,1309.45,323.74,782.11,4225.2944,9113.3492,13102.7785,6226.0383,10461.9513,3337.77,35546.7,561.55,293.724
2006-03-31,176.42,383.3597,521.8174,1230.05,311.4466,1269.78,1517.25,1480.05,1558.53,1465.37,813.16,355.11,1294.83,1335.07,329.79,787.8,4295.4766,9338.9957,13436.3752,6309.0937,10581.9498,3504.61,37102.12,583.65,300.257
2006-04-28,177.07,384.5419,519.654,1227.82,310.3418,1269.85,1511.94,1474.15,1554.84,1456.43,818.17,354.81,1310.61,1373.38,340.19,841.58,4369.2299,9491.1279,13672.8554,6379.4401,10874.4349,3394.99,37097.83,654.42,320.614
2006-05-31,177.78,385.1321,519.9282,1226.51,311.3302,1267.44,1509.39,1470.72,1554.18,1450.32,818.06,347.54,1270.09,1322.25,325.74,751,4283.3309,9439.686,13355.235,6392.4541,10726.1076,3303.2,35020.75,645.2,323.681
2006-06-30,178.46,385.7695,521.5183,1229.11,311.2952,1269.89,1511.29,1473.41,1554.79,1453.66,815.19,347.52,1270.2,1319.93,325.11,747.54,4256.5172,9428.736,13283.7845,6427.7405,10674.1933,3468.22,34721.85,615.85,318.652
2006-07-31,179.22,388.6506,527.9712,1245.73,314.9611,1288.08,1533.37,1494.74,1577.62,1475.4,823.17,358.89,1276.66,1327.23,327.04,755.84,4247.1103,9387.5324,13211.7864,6454.6084,10646.4404,3573.46,33365.4,636.75,328.881
2006-08-31,180.01,391.4053,535.7286,1264.8,319.6735,1306.8,1561.94,1523.74,1604.82,1506.46,836.52,368.23,1303.82,1358.87,334.81,773.12,4281.6393,9486.5709,13347.8678,6500.5007,10671.1401,3693.51,34081.23,627.3,317.029
2006-09-29,180.81,393.4019,540.679,1275.91,321.9735,1315.94,1579.83,1542.1,1621.25,1527.53,848.38,370.29,1335.85,1373.37,338.28,778.16,4284.8505,9508.6746,13368.9574,6524.5525,10590.0394,3766.99,34141.05,598.3,297.94
2006-10-31,181.5,394.9464,543.4569,1284.35,323.6987,1325.48,1592.61,1554.81,1633.98,1540.38,859.92,377.16,1377.94,1422.93,350.75,814.44,4354.4794,9730.1316,13618.0211,6604.6088,10710.4482,4000.04,35950.98,606.6,312.073
2006-11-30,182.27,396.898,549.1095,1299.25,326.4998,1340.68,1615.96,1578.36,1656.35,1566.02,874.37,381.94,1400.63,1455.17,360.04,874.08,4432.1197,9911.9878,13890.3815,6695.2901,10962.8935,4174.5,36848.86,648,329.14
2006-12-29,183.06,397.0348,544.6354,1291.71,324.9404,1336.99,1601.26,1560.96,1645.9,1547.02,883.97,384.48,1418.3,1483.58,367.78,912.65,4511.2774,10075.5356,14077.346,6803.1512,11102.1222,4121.18,37424.56,636.7,314.023
2007-01-31,183.81,397.8132,543.7159,1291.18,324.8106,1337.85,1601.38,1561.74,1645.32,1546.9,893.84,383.31,1438.24,1500.23,371.2,901.48,4569.6635,10234.1593,14240.2843,6896.1415,11143.4002,4445.83,38098.41,653.2,314.684
2007-02-28,184.52,401.0562,552.7491,1311.09,328.888,1354.35,1634.36,1598,1673.37,1583.73,906.34,389.89,1406.82,1490.44,368.78,895.54,4607.122,10338.9461,14329.5723,6948.2947,11168.2905,4317.28,37946.18,669.35,325.281
2007-03-30,185.34,402.4488,552.345,1311.13,328.7614,1357.92,1624.99,1587.33,1665.99,1572.62,907.3,393.69,1420.86,1514.18,375.3,929.03,4660.3311,10479.3345,14474.1328,7000.6482,11158.2741,4208.77,38021.24,663.79,328.452
2007-04-30,186.15,403.9409,555.2722,1318.2,329.7818,1364.62,1636.91,1600.28,1676.12,1586.48,919.09,397.1,1482.37,1577.86,391.14,969.93,4738.4418,10687.5715,14743.0506,7099.9912,11339.8551,4215.22,38750.75,678.45,332.246
2007-05-31,186.97,403.6158,550.3814,1308.2,327.5593,1356.78,1620.55,1583.13,1661.08,1569.23,925.96,395.57,1530.62,1616.87,401.52,1014.78,4840.1541,10920.0189,15072.9305,7205.5923,11545.1897,4220.53,39542.72,660.5,332.676
2007-06-29,187.71,405.3631,550.0985,1304.34,326.3423,1351.08,1612.62,1574.88,1653.68,1561,909.33,388.1,1503.35,1602.36,399.79,1059.69,4865.6068,10920.4062,15206.7882,7246.0995,11719.1182,3839.06,39268.11,649.65,328.029
2007-07-31,188.44,408.8516,559.1521,1315.22,329.6444,1360.23,1616.35,1580.21,1653.68,1572.01,877.13,384.6,1455.28,1565.81,393.34,1112.77,4874.9139,10824.0555,15232.2341,7204.044,11812.0599,3501.7,36943.42,664.3,334.836
2007-08-31,189.51,413.058,567.9403,1331.34,333.4186,1376.24,1629.43,1600.3,1658.63,1583.9,889.09,389.26,1473.99,1561.59,391.49,1086.98,4768.4736,10640.2219,14978.2498,7154.4702,11562.7134,3692.41,36579.55,673.39,322.678
2007-09-28,190.23,415.9732,571.0062,1341.44,334.8964,1386.81,1641.98,1611.76,1675.23,1584.61,912.36,398.1,1526.75,1633.58,411.92,1204.9,4858.0734,10804.9176,15454.0136,7251.0687,11936.1005,3850.88,37386.73,743.6,348.507
2007-10-31,190.83,417.6772,575.676,1353.49,337.7143,1400.82,1661.7,1635.96,1687.62,1612.64,917.83,407.59,1549.38,1682.35,427.63,1337.45,5007.0033,11049.0004,15931.9818,7403.3596,12324.9346,3882.25,37864.17,796.6,360.125
2007-11-30,191.72,424.7456,593.1855,1377.83,341.5072,1425.24,1671.65,1650.86,1690.8,1626.84,897.92,406.08,1481.14,1610.94,408.1,1242.06,4933.522,10770.1811,15471.509,7363.9743,12214.9478,3545.57,34473.6,783.75,348.831
2007-12-31,192.23,425.7359,593.6626,1381.7,342.2525,1429.28,1674.29,1654.84,1692.36,1627.54,900.54,408.61,1468.36,1588.8,403.25,1245.59,4949.9897,10741.2993,15553.2195,7411.3723,12335.221,3386.3,34234.92,833.92,364.99
2008-01-31,193.21,433.1967,608.7879,1404.91,347.9026,1455.66,1691.33,1666.91,1713.52,1649.78,888.52,412.06,1378.55,1466.35,369.93,1088.72,4809.6954,10469.7311,14857.3829,7315.6227,12468.7682,3371.76,31663.8,925.99,380.406
2008-02-29,193.54,437.4545,615.6086,1406.86,348.915,1455.9,1693.21,1668.13,1715.72,1653.37,876.4,411.37,1330.63,1455.56,370.41,1167.66,4869.3687,10512.4257,15051.8652,7308.8746,12994.8563,3242.42,30736.26,974.16,427.135
2008-03-31,194.02,438.6967,619.9515,1411.66,348.7035,1464.08,1671.7,1654.78,1683.38,1640.02,873.38,411.2,1322.7,1437.4,363.99,1104.58,4743.0768,10363.8448,14623.9847,7163.2137,12836.1668,3366.68,29947.59,916.88,400.046
2008-04-30,194.24,434.9093,609.2787,1408.71,346.8099,1465.48,1686.99,1667.51,1705.21,1639.71,911.02,415.36,1385.59,1508.99,383.3,1191.53,4789.2618,10467.489,14981.5915,7262.4671,12831.9549,3574.89,30370.06,877.55,414.302
2008-05-30,194.31,433.341,601.9161,1398.38,343.6195,1457.71,1670.89,1651.68,1688.97,1623.52,914.31,415.87,1400.38,1525.73,387.75,1210.04,4877.6825,10626.431,15338.4403,7354.8156,12986.5229,3605.5,31525.69,886.5,425.629
2008-06-30,194.65,434.6864,606.8854,1397.25,342.5287,1456.88,1660.2,1649.8,1664.46,1631.11,888.75,407.86,1280,1402.13,355.4,1087.12,4838.2643,10456.5177,14964.2339,7308.6256,13141.3627,3198.01,29200.6,925.4,464.357
2008-07-31,195.06,436.4521,609.44,1396.11,345.0679,1454.85,1647.79,1645.44,1641.13,1627.56,876.91,412.4,1267.38,1366.7,345.75,1041.86,4711.8746,10306.819,14538.5692,7249.0531,12796.5668,3288.95,29676.51,914.07,409.311
2008-08-29,195.37,438.4075,617.0183,1409.36,348.5007,1473.05,1659.64,1660.82,1646.64,1648.62,879.98,415.73,1282.83,1344.87,337.61,956.25,4646.39,10254.8139,14222.4488,7238.6136,12645.7308,3350.69,30200.19,831.15,379.496
2008-09-30,195.93,442.1191,621.1496,1390.43,345.345,1484.13,1530.7,1596.81,1434.9,1569.22,809.78,387.28,1166.36,1182.44,294.79,786.92,4343.0015,9638.8738,13064.6875,6811.6742,12492.1569,3333.52,27099.18,870.95,335.748
2008-10-31,196.42,446.0116,620.2362,1357.61,343.0783,1465.48,1432.06,1452.56,1403.92,1407.38,680.97,329.61,968.75,957.25,236.11,570.52,4094.598,8849.3584,11828.9835,6264.6168,12695.9929,2315.47,21431.33,724.55,264.29
2008-11-28,196.72,451.345,653.771,1401.8,352.3845,1523.05,1490.33,1511.38,1457.02,1481.3,617.55,337.78,896.24,892.93,220.05,526.97,3986.4061,8525.7688,11382.8337,6089.0546,12789.0349,1814.81,18482.44,818.05,245.9
2008-12-31,196.92,453.7885,676.1225,1454.1,361.3454,1548.48,1591.62,1622,1550.7,1567.7,665,364.02,903.25,920.23,227.68,567.04,3917.8765,8397.9809,11407.8082,6074.6893,12931.3459,2104.93,18836.88,882.05,234.874
2009-01-30,196.88,452.2037,655.4879,1441.27,358.2395,1551.41,1598.84,1645.22,1529.31,1608.05,704.86,367.12,825.88,838.83,208.02,529.53,3961.5066,8429.0175,11307.2865,6199.5061,12918.4821,1759.48,17497.28,927.85,222.249
2009-02-27,196.88,451.6138,651.9567,1435.83,358.1948,1560.35,1567.38,1629.11,1465.38,1623.09,682.99,362.74,735.09,750.86,187.17,499.3,3953.1615,8310.0014,11058.0779,6231.6411,12902.6587,1414.86,15330.1,942.35,212.396
2009-03-31,197,454.1185,666.4337,1455.79,361.3271,1582.47,1560.91,1643.06,1429.49,1625.39,704.77,376.3,797.87,805.22,202.04,569.97,3954.5388,8416.0973,11378.7588,6293.6898,12823.365,1476.26,16942.05,919.14,220.049
2009-04-30,197.12,453.3607,653.9668,1462.75,362.8407,1586.97,1615.1,1695.84,1492.86,1656.22,790.08,396.57,872.81,893.02,225.24,662.73,3986.1051,8684.589,11998.2508,6488.7761,12811.9286,1890.61,19934.89,888.2,221.662
2009-05-29,197.16,454.154,647.55,1473.36,363.4259,1591.61,1678.15,1730.87,1599.63,1704.81,843.24,411.58,919.14,970,246.69,773.12,4100.2438,9096.4962,12763.0724,6743.9737,13264.8617,1929.39,22084.81,979.15,250.488
2009-06-30,197.19,453.5393,646.2314,1481.74,366.7583,1593.6,1723.99,1776.62,1639.14,1771.81,867.39,417.01,919.32,964.05,244.9,761.3,4119.0947,9235.4708,12786.3201,6848.2381,13109.794,1879,23248.64,926.6,245.722
2009-07-31,197.27,454.1114,648.7013,1505.64,371.6417,1606.64,1798.42,1855.29,1706.95,1848.92,920.18,429.88,987.48,1044.75,266.14,844.02,4179.7861,9493.704,13195.8732,7051.5794,13174.2864,2072.83,25358.06,954,253.663
2009-08-31,197.34,456.011,654.7238,1521.23,375.4544,1617.37,1831.4,1880.26,1750.44,1884.5,937.34,438.05,1020.63,1085.6,275.1,839.46,4227.6778,9712.0859,13376.2959,7175.1392,13223.6478,2332.22,26396.5,951.25,252.185
2009-09-30,197.41,457.0067,659.6,1537.21,378.6264,1630.37,1863.91,1906.44,1793.86,1910.94,990.72,459.59,1057.08,1126.98,287.23,914.05,4299.258,10077.4354,13806.5994,7351.0064,13449.6267,2480.34,28220.49,1007.7,256.153
2009-10-30,197.46,457.8981,659.184,1544.8,379.4246,1642.02,1877.01,1910.65,1822.59,1914.08,1008.5,460.27,1036.19,1106.17,282.59,914.26,4297.5516,10131.515,13707.6024,7443.3142,13380.2861,2362.14,25873.21,1045.4,264.5539
2009-11-30,197.5,460.6597,668.3404,1564.8,383.2469,1663.08,1903.86,1943.15,1839.67,1946.73,1018.66,465.09,1095.63,1149.01,293.67,953.13,4331.8503,10259.0841,13922.3081,7488.7524,13670.6367,2526.31,25928.55,1179.6,273.8594
2009-12-31,197.49,457.037,651.1459,1540.34,379.7301,1639.67,1889,1921.17,1840.45,1914.02,1052.08,466.58,1115.1,1168.47,299.44,989.47,4366.9079,10501.0552,14210.234,7642.3634,13492.601,2690.12,27618.94,1096.95,279.2789
2010-01-29,197.56,460.4876,661.3227,1563.87,383.6198,1661.42,1919.82,1951.2,1869.92,1953.06,1065.39,468.3,1073.87,1119.54,286.33,933.59,4361.7497,10573.7388,14029.5797,7759.4265,13229.0828,2562.66,27335.56,1080.85,258.9532
2010-02-26,197.57,461.3011,663.8024,1569.71,385.4317,1664.37,1926.64,1960.51,1873.06,1960.43,1067.25,474.93,1104.49,1133.35,289.5,935.93,4367.1901,10658.9367,14158.2232,7803.0675,13250.2135,2692.79,28661.49,1117.6,268.5674
2010-03-31,197.58,460.1991,658.3245,1567.78,386.1751,1664.92,1932.4,1958.94,1893.19,1953.69,1100.71,486.01,1169.43,1200.53,307.4,1010.33,4435.1404,10982.5809,14604.7542,7929.5212,13460.9155,2944.71,30822.32,1113.25,265.2308
2010-04-30,197.62,461.4145,665.0834,1584.1,388.327,1674.95,1967.57,1998.3,1919.21,1999.64,1126.51,489.71,1186.69,1198.56,307.35,1020.03,4473.7562,11173.788,14778.5131,8039.7221,13570.9728,3138.77,34011.08,1179.2,270.3876
2010-05-31,197.67,463.4719,676.3337,1597.43,391.3333,1693.71,1956.73,1996.65,1892.96,1996.1,1086.03,481.98,1089.41,1079.8,277.17,926.4,4370.8604,10876.1451,14180.5224,7895.8564,13356.1283,2972.37,30943.07,1216.2,251.6688
2010-06-30,197.71,465.4742,688.6997,1622.48,394.9049,1712.72,1998.43,2041.49,1927.57,2046.54,1099.55,491.65,1030.71,1041.32,268.25,917.99,4326.1689,10757.5624,13918.8408,7924.7241,13340.6435,2836.82,28503.23,1242.25,252.4697
2010-07-30,197.75,466.705,693.3161,1639.79,398.1171,1727.41,2037.58,2076.87,1972.82,2083.84,1138.65,511.89,1101.6,1124.83,289.75,991.41,4354.0531,10969.6533,14246.867,8059.5629,13332.331,3092.76,29926.6,1181,269.5726
2010-08-31,197.8,467.5746,707.1558,1660.89,404.7254,1730.06,2077.99,2121.63,2002.73,2138.86,1139.06,523.8,1049.33,1080.7,279.06,970.05,4360.4875,10927.5675,14051.309,8125.5532,13557.524,3050.51,27524.4,1247.45,262.7116
2010-09-30,197.83,468.2972,707.1659,1662.66,403.8215,1723.47,2092.52,2132.81,2025.2,2142.95,1173.38,532.58,1141.2,1179.19,305.16,1075.53,4447.3214,11202.8588,14717.3196,8258.1176,13928.3614,3187.27,30635.89,1308.35,281.7853
2010-10-29,197.87,469.3811,706.0105,1668.58,403.4599,1740.35,2094.99,2131.8,2036.45,2132.79,1203.68,541.74,1183.26,1222.23,315.95,1105.75,4509.0217,11411.1639,15065.6192,8387.0075,14239.0774,3332.1,32072.43,1359.4,295.826
2010-11-30,197.88,468.5236,701.1794,1658.99,399.12,1737.22,2077.99,2114.92,2018.19,2119.29,1189.62,524.49,1180.55,1193.56,308.38,1075.85,4508.1798,11440.7452,15161.6183,8425.8998,14108.6069,3277.59,32974.5,1386.03,294.7787
2010-12-31,197.93,467.671,688.9988,1641.1,397.2487,1727.67,2058.93,2087.43,2014.25,2090.2,1211.19,522.75,1257.64,1280.07,330.64,1151.38,4606.1641,11746.7411,15695.802,8515.8308,14579.7784,3431.62,35926.49,1420.78,326.2875
2011-01-31,197.96,468.4293,688.6296,1643.01,396.0181,1728.56,2063.03,2087.93,2024.99,2089.4,1237.91,519.91,1286.12,1308.08,335.58,1119.08,4617.9623,11944.021,15761.9638,8613.3738,14474.622,3562.13,36231.29,1332.8,329.5602
2011-02-28,197.99,468.0009,688.1144,1647.12,396.7396,1732.9,2079.38,2100.71,2046.58,2104.83,1254.13,521.44,1327.22,1351.65,344.82,1107.77,4659.2302,12106.896,15966.9693,8691.559,14659.2162,3722.32,37825.35,1411.47,333.9035
2011-03-31,198.03,467.7527,687.699,1648.03,396.4389,1737.73,2076.6,2098.77,2042.56,2102.36,1258.19,528.06,1325.83,1334.93,343.64,1170.87,4656.015,12149.9111,16046.6957,8716.389,14499.3497,3671.46,38471.21,1432.3,340.7971
2011-04-29,198.09,469.7722,695.5583,1668.95,400.0332,1756.8,2112.31,2133.93,2078.57,2139.9,1277.69,535.41,1363.61,1388.62,356.9,1204.03,4707.8611,12294.9875,16261.0421,8788.4336,14843.1054,3847.71,38946.45,1563.7,352.5991
2011-05-31,198.11,471.3278,706.1395,1690.73,403.9173,1775.67,2142.82,2168.4,2098.99,2186.33,1283.92,543.26,1345.2,1354.61,347.9,1167.97,4661.3624,12237.8023,16052.8394,8797.1901,14501.4932,3883.34,37995.33,1535.8,334.7639
2011-06-30,198.13,471.4596,703.7713,1685.78,403.1152,1777.33,2124.04,2150.14,2081.12,2161.84,1271.42,549.35,1320.64,1331.18,341.82,1146.22,4600.8979,12112.5895,15850.6156,8775.1353,14249.044,3776.69,37208.89,1500.35,317.8776
2011-07-29,198.12,472.7023,716.3911,1712.53,407.6459,1793.85,2177.6,2215.69,2111.87,2235.53,1286.16,560.04,1292.28,1306.05,335.9,1137.73,4616.5456,12089.269,15798.7594,8774.8414,14484.9593,3788.86,36221.12,1627.88,327.2924
2011-08-31,198.19,474.2953,736.062,1737.55,412.621,1816.19,2179.02,2231.88,2083.08,2269.81,1234.68,563.02,1218.89,1211.22,310.62,1033.15,4503.5981,11639.482,15026.5375,8584.3916,14410.9098,3605.03,32422.33,1825.72,330.5607
2011-09-30,198.19,473.7352,749.022,1750.19,415.0849,1819.29,2184.58,2254.52,2052.55,2314.82,1194.32,539.37,1131.42,1104.06,280.64,880.43,4401.1942,11180.7089,14119.6338,8440.1893,14231.7312,3228.59,28966.43,1623.97,281.8526
2011-10-31,198.2,474.1043,742.9594,1752.07,414.6773,1819.24,2223.63,2290.46,2102.5,2333.07,1265.89,563.69,1253.3,1217.3,310.41,995,4434.5045,11519.0017,14812.6388,8547.0722,14100.214,3653.98,31913.29,1714.85,300.5066
2011-11-30,198.21,474.332,748.3281,1750.55,412.4269,1822.55,2180.05,2252.8,2039.14,2325.41,1238.6,560.39,1246.96,1184.6,300.45,928.32,4397.216,11382.5289,14513.199,8496.2237,14008.1811,3522.02,31478.47,1746.38,293.8383
2011-12-30,198.22,474.5612,755.2207,1769.79,418.6998,1835.33,2226.65,2305.98,2077.64,2366.77,1271.5,567,1257.61,1182.59,299.51,916.39,4375.6293,11358.5941,14380.5085,8528.4283,13973.4763,3682.29,31855.6,1563.7,282.8255
2012-01-31,198.22,475.1157,758.3734,1785.33,422.8371,1842.81,2275.95,2342.45,2153.61,2394.07,1310.1,576.99,1312.41,1240.89,316.65,1019.39,4444.5266,11646.5118,14938.8209,8696.7656,14150.5781,3919.93,34920.29,1737.6,289.8194
2012-02-29,198.22,474.4371,752.984,1784.92,424.3657,1844.51,2295.11,2358.55,2180.11,2404.92,1341.22,594.02,1365.68,1298.72,331.93,1079.44,4503.1986,11863.5801,15371.0662,8833.892,14262.2939,3892.19,35877.63,1696.85,297.6407
2012-03-30,198.24,474.1315,745.6473,1775.14,423.7516,1845.71,2272.94,2323.46,2182.97,2365.01,1339.35,594.58,1408.47,1312.01,333.3,1041.45,4509.3872,11910.4274,15371.8802,8879.4408,14074.2376,4063.87,37651.73,1668.35,285.3287
2012-04-30,198.25,475.1368,756.2645,1794.82,426.3925,1857.68,2304.67,2358.32,2205.49,2412.2,1353.37,605.02,1397.91,1293.99,328.67,1026.02,4496.6951,11870.8966,15246.0168,8905.2674,13992.7004,4175.81,37112.78,1664.75,284.1211
2012-05-31,198.29,475.3738,768.9592,1811.06,430.8311,1863.56,2322.06,2381.88,2205.03,2457.9,1335.7,588.25,1310.33,1177.64,297.98,906.3,4443.1807,11594.2962,14527.5068,8811.3685,14049.1825,4012.72,34840.17,1560.42,258.1752
2012-06-29,198.3,475.0748,766.4116,1811.77,430.1245,1865.72,2330.3,2385.6,2225.19,2451.5,1363.9,609.24,1362.16,1235.72,312.11,937.35,4425.1383,11615.0216,14661.4244,8889.139,13849.6605,4244.87,36841.61,1597.4,272.3567
2012-07-31,198.33,476.1988,773.96,1836.76,435.9534,1880.71,2397.35,2455.94,2284.63,2527.87,1389.85,633.63,1379.32,1250.57,316.02,952.49,4465.0783,11669.1988,14701.7959,8995.954,14127.8858,4345.05,36532.97,1614.3,289.9744
2012-08-31,198.36,476.2406,773.0331,1837.96,436.9889,1882.83,2402.68,2451.83,2307.43,2527.09,1406.12,640.98,1406.58,1279.21,322.14,947.33,4494.549,11801.7955,14874.9617,9090.7,14095.6423,4356.42,37522.2,1692.01,293.7393
2012-09-28,198.38,476.297,770.6349,1840.49,438.7212,1886.74,2419.55,2463.36,2337.6,2530.7,1425.69,650.42,1440.67,1311.5,331.58,1002.66,4523.9378,11952.3032,15166.7996,9210.0716,14091.3888,4320.99,39318.21,1772.1,298.7492
2012-10-31,198.39,476.0369,769.4041,1844.11,439.9594,1883.58,2450.71,2494.42,2367,2569.01,1438.21,655.73,1412.16,1301.52,329.07,995.33,4514.5221,12004.1345,15129.0996,9269.759,13832.4846,4302.37,38166.14,1720.65,287.179
2012-11-30,198.43,476.4394,773.2682,1847.02,442.1774,1880.34,2446.81,2483.47,2376.52,2559.45,1449.72,665.91,1416.18,1315.49,332.64,1007.02,4534.9211,12126.9905,15197.2258,9321.7604,13823.5672,4275.74,37943.58,1714.8,287.3272
2012-12-31,198.46,476.596,770.122,1844.39,442.6318,1882.91,2445.25,2480.13,2381.96,2545.06,1472.56,672.1,1426.19,1338.5,339.75,1055.2,4586.0747,12367.9733,15445.9293,9431.3611,13964.7167,4408.71,38578.8,1675.35,279.8362
2013-01-31,198.48,476.6692,764.0495,1831.49,440.205,1873.49,2423.5,2448.75,2377.5,2518.77,1492.3,662.54,1498.11,1405.47,355.1,1069.01,4680.1813,12650.9735,15961.2946,9598.2101,14177.955,4597.85,41623.11,1663.65,286.5446
2013-02-28,198.48,477.0643,767.9696,1840.67,442.8742,1879.84,2442.16,2463.66,2399.44,2547.44,1499.88,661.6,1514.68,1405.18,354.43,1054.62,4692.4615,12697.0478,16011.8104,9635.4428,14081.666,4657.02,41937.59,1579.58,274.8341
2013-03-29,198.51,477.1596,768.7054,1842.14,445.1631,1882.03,2442.63,2463.09,2402.87,2543.94,1515.15,656.62,1569.19,1434.51,360.06,1034.9,4736.1889,12824.6302,16207.5242,9720.5165,14139.0343,4809.98,44375.48,1598.75,276.686
2013-04-30,198.54,477.6333,775.3987,1860.78,450.048,1892.04,2487.23,2511.7,2435.51,2607.39,1542.56,675.23,1597.57,1476.14,369.42,1039.45,4776.9083,12951.8361,16266.813,9823.9705,14231.3532,5084.843,44380.56,1476.75,268.9637
2013-05-31,198.56,476.9792,762.3342,1827.58,443.6341,1863.03,2428.94,2448.01,2394.79,2518.97,1533.62,649.5,1630.74,1471.93,367.19,1008.88,4806.322,13190.1807,16465.838,9830.1088,14053.3143,4747.973,46168.77,1387.92,262.9314
2013-06-28,198.57,476.7416,754.4829,1799.31,437.4596,1845.11,2361.89,2377.4,2336.05,2442.32,1493.4,616.82,1606.28,1433.55,355.81,940.33,4743.1795,13053.9489,16196.6099,9712.7391,13832.8314,4636.264,46605.53,1234.57,250.5353
2013-07-31,198.59,477.4589,753.6198,1801.77,439.1923,1843.45,2381.57,2394.36,2359.65,2464.94,1521.71,622.68,1685.73,1507.91,372.49,947.55,4786.7651,13235.6596,16563.7056,9768.5599,13825.0689,4662.278,49955.01,1325.25,253.9487
2013-08-30,198.61,477.0252,750.1162,1792.56,437.5248,1838.18,2364.84,2375.27,2348.78,2441.68,1512.46,605.99,1632.97,1472.74,363.98,929.54,4753.4338,13203.9158,16423.1653,9757.4068,13675.417,4367.026,48614.22,1395.15,262.5888
2013-09-30,198.63,478.0448,755.111,1809.53,441.0758,1864.06,2381.27,2390.13,2372,2445.78,1527.48,622.17,1681.55,1543.67,382.07,987.46,4810.9002,13407.6352,16860.5823,9864.7998,13652.6752,4518.008,51646,1328.94,255.8818
2013-10-31,198.62,478.495,758.637,1824.16,445.0392,1876.76,2416.48,2425.37,2406.37,2484.66,1565.75,638.78,1756.54,1602.86,397.11,1034.42,4869.0026,13609.5806,17199.4118,9973.2973,13765.9161,4698.026,52120.51,1323.1,252.1034
2013-11-29,198.62,478.9241,756.2809,1817.33,444.4295,1865.08,2411.69,2416.98,2410.08,2472.55,1573.7,624.22,1805.81,1628.42,402.05,1018.28,4925.5621,13750.7259,17405.0587,10021.0015,13838.0215,4475.265,55174.96,1253.49,250.0857
2013-12-31,198.65,478.3363,749.6852,1807.06,442.0281,1856.28,2407.75,2415.05,2404.21,2463.93,1582.19,627.86,1848.36,1661.07,408.55,1002.69,5000.5624,13914.8364,17651.227,10098.0128,13903.1242,4511.897,56851.43,1205.65,253.1865
2014-01-31,198.67,479.0565,759.4825,1833.76,448.3776,1885.3,2451.39,2462.88,2434.55,2527.94,1593.29,621.46,1782.59,1598.46,391.92,936.53,4977.1834,13914.8228,17478.9205,10158.6849,13784.7439,4672.34,57761.54,1244.55,253.9401
2014-02-28,198.67,479.4529,761.4396,1843.51,450.5812,1891.79,2476.88,2490.29,2457.58,2551.81,1625.52,641.62,1859.45,1675.4,410.13,966.42,5055.1519,14174.9099,17922.4913,10284.2131,13983.1011,4888.875,60490.66,1326.44,269.7739
2014-03-31,198.69,478.9677,759.375,1840.37,451.0242,1885.7,2478.53,2494.25,2453.99,2557.54,1629.36,649.71,1872.34,1673.87,411.02,994.65,5024.3344,14190.5984,17848.0118,10333.0509,13857.1305,4907.23,59274.56,1284.01,270.8832
2014-04-30,198.71,479.5777,763.4341,1855.9,454.1452,1903.14,2508.22,2526.14,2476.45,2598.76,1639.68,659.84,1883.95,1687.74,414.09,995.28,4989.9994,14199.72,17717.9244,10392.6804,13865.7895,5049.226,55354.12,1291.55,277.4815
2014-05-30,198.71,480.4173,770.361,1877.03,458.526,1926.04,2542.51,2562.77,2504.69,2640.61,1654.76,680.92,1923.57,1715.18,421.53,1027.69,5049.6169,14330.1331,17916.2343,10480.885,13944.6886,5194.035,55198.45,1249.73,269.5049
2014-06-30,198.72,480.213,769.3511,1878,460.0841,1931.09,2544.49,2563.32,2508.8,2643.45,1668.59,684.97,1960.23,1743.42,428.75,1050.78,5100.6481,14518.7482,18225.4388,10582.0465,14041.6763,5251.622,58408.02,1327.32,271.1121
2014-07-31,198.73,479.8525,768.207,1873.29,461.0745,1919.76,2543.07,2562.1,2506.1,2646.09,1646.34,685.77,1930.67,1714.35,423.04,1065.77,5078.9121,14425.5768,18049.0861,10576.3643,13986.1822,5242.381,54315.28,1282.55,257.6011
2014-08-29,198.75,480.6555,776.0563,1893.97,466.693,1937.74,2579.75,2603.12,2532.76,2694.39,1672.43,690.3,2003.37,1748.69,431.55,1087.88,5120.0284,14477.7708,18339.7194,10638.1545,14195.9997,5419.773,56599.29,1287.82,254.9088
2014-09-30,198.76,480.3577,771.8876,1881.11,465.3177,1934.61,2542.53,2559.13,2507.66,2655.41,1637.42,673.67,1972.29,1698.41,416.85,1005.33,5119.1174,14269.2135,17977.8341,10599.2642,14349.2933,5113.223,53379.03,1208.16,239.0387
2014-10-31,198.76,481.6808,779.2492,1899.6,468.7089,1953.34,2568.56,2584.49,2531.89,2695.95,1656.88,684.77,2018.05,1708.09,419.45,1016.07,5088.2662,14031.0887,17963.2559,10529.296,14320.5284,5556.749,55026.63,1173.48,237.1171
2014-11-28,198.77,482.3563,785.4197,1913.08,473.1102,1966.13,2585.87,2601.2,2551.78,2706.74,1644.82,682.12,2067.56,1739.5,425.82,1004.72,5157.8643,14103.504,18033.2797,10552.9335,14642.9534,5686.036,54336.55,1167.4,227.4715
2014-12-31,198.76,481.1963,786.5908,1914.87,475.5595,1969.17,2587.44,2598.65,2552.41,2746.03,1621,662.57,2058.9,1709.67,417.12,956.31,5171.542,14064.864,17970.5928,10503.6382,14678.3425,5740.432,56734.78,1184.86,210.1242
2015-01-30,198.8,483.6245,806.7423,1955.02,484.4286,1985.88,2665.94,2681.4,2613.31,2871.99,1631.71,664.85,1994.99,1677.54,410.33,961.61,5180.5406,13915.7112,17788.3929,10505.6192,15047.0197,6067.929,54798.4,1283.78,203.1056
2015-02-27,198.81,482.5831,794.3653,1936.64,481.5664,1982.65,2638.92,2654.76,2592.01,2815.1,1671.04,673.13,2104.5,1772.86,432.47,990.28,5275.4324,14265.5357,18271.9026,10656.3314,15076.5061,5902.823,57534.91,1213.22,208.3382
2015-03-31,198.81,483.6827,799.2011,1945.63,484.3258,1989.99,2647.34,2662.82,2603.08,2814.69,1661.89,676.22,2067.89,1740.81,424.76,974.57,5307.33,14319.3169,18323.7581,10693.9908,15161.1632,5962.117,58232.71,1183.67,197.6373
2015-04-30,198.85,483.8836,795.0676,1938.65,481.6179,1990.82,2628.8,2641.62,2593.18,2777.79,1681.95,689.55,2085.51,1778.4,436.3,1047.78,5306.301,14499.8321,18657.8161,10809.5862,14980.096,5683.599,56640.45,1184.37,208.9695
2015-05-29,198.86,484.2466,793.6275,1933.98,479.6215,1990.36,2611.64,2620.99,2587.81,2734.52,1687.05,685.85,2107.39,1779.31,434.51,1004.22,5355.9299,14598.0885,18836.1937,10850.8886,14972.8903,5673.832,58418.88,1190.55,203.3312
2015-06-30,198.87,484.3737,786.7292,1912.89,473.6929,1975.18,2563.64,2569.65,2548.9,2670.86,1661.94,674.24,2063.11,1735.61,423.51,972.25,5297.1173,14405.0148,18660.2489,10777.9944,14626.7699,5428.652,59272.54,1172.42,206.8436
2015-07-31,198.87,484.6022,793.1564,1926.19,478.3845,1987.63,2580.95,2583.72,2568.01,2708.06,1652.26,677.01,2103.84,1765.6,426.78,901.68,5322.8918,14262.7802,18439.3127,10752.0696,14757.0355,5692.286,58759.43,1095.82,184.8788
2015-08-31,198.88,484.4011,793.5755,1923.42,477.0913,1989.31,2565.67,2562.52,2563.97,2691.02,1623.48,669.73,1972.18,1645.43,396.73,818.73,5233.5485,13947.9181,17835.3442,10616.7847,14520.1258,5369.701,55128.05,1134.81,183.1802
2015-09-30,198.96,485.8006,800.3023,1936.43,479.9209,2000.94,2584.8,2577.81,2587.38,2723.54,1581.23,660.48,1920.03,1581.92,381.65,792.05,5141.4202,13618.8349,17491.8265,10498.8698,14513.8194,5468.22,51937.41,1115.07,176.9206
2015-10-30,198.93,485.3332,797.4825,1936.76,481.4774,2002.26,2595.6,2591.19,2594.93,2727.84,1624.7,681.34,2079.36,1705.8,411.25,847.84,5175.102,13802.3836,18011.3923,10603.1404,14501.5378,5799.021,53990.92,1142.16,176.1312
2015-11-30,198.91,484.1612,794.2647,1931.64,481.6991,1999.54,2589.92,2581.68,2597.42,2717.15,1588.59,680.95,2080.41,1694.4,407.2,814.3,5198.6408,13702.7692,18003.2936,10570.2533,14702.662,5792.922,56304.8,1064.77,163.3542
2015-12-31,198.95,483.6902,792.9698,1925.4,480.3956,1998.89,2569.73,2553.05,2591.02,2705.67,1548.58,670.71,2043.94,1662.79,399.36,794.14,5162.855,13565.28,17795.703,10473.073,14493.355,5858.144,53564.16,1061.41,158.3135
2016-01-29,199.01,486.5573,809.5646,1951.89,487.4231,2024.83,2578.84,2551.85,2608.92,2766.02,1523.69,669.38,1940.24,1562.18,375.02,742.37,5060.535,13135.935,16980.249,10302.348,14641.386,5646.214,47726.14,1118.17,155.6528
2016-02-29,199.06,487.0504,816.7743,1965.74,492.1081,2032.39,2599.67,2583.1,2604.72,2804.95,1532.4,682.91,1932.23,1547.17,371.66,740.33,5006.518,13067.719,16904.146,10245.454,14858.856,5631.973,47172.24,1238.74,153.121
2016-03-31,199.18,487.8526,817.9652,1983.77,496.1594,2038.4,2671.78,2673.23,2649.49,2840.39,1600.51,705.69,2059.74,1648.12,398.26,836.8,5015.95,13468.53,17481.58,10437.519,14718.331,6194.958,49918.08,1232.7,158.9728
2016-04-29,199.25,488.0899,817.1118,1991.39,497.0019,2041.7,2708.36,2717.94,2672.22,2868.22,1663.17,719.2,2065.3,1670.8,403.34,840.19,5036.683,13727.713,17679.62,10603.648,14706.416,6094.695,51614.54,1293,172.5048
2016-05-31,199.26,487.5524,817.1516,1991.9,499.1028,2044.34,2706.27,2710.14,2675.29,2892.59,1673.44,717.06,2096.96,1674.61,402.57,807.45,5059.882,13869.259,17791.746,10696.745,14570.16,6242.507,51823.79,1215.33,172.1789
2016-06-30,199.38,490.4136,835.2534,2027.69,508.6037,2060.95,2767.19,2780.56,2714.32,2969.76,1688.84,743.81,2098.86,1653.23,399.29,834.1,5038.98,13861.343,17723.72,10752.345,14893.581,6662.125,51002.91,1322.2,179.2913
2016-07-29,199.43,490.15,838.34,2040.51,511.6424,2065.17,2807.62,2824,2747.01,3019.48,1734.5,755.38,2173.6,1721.79,416.09,873.47,5108.254,14122.633,18195.081,10882.986,15011.659,6918.713,53779.06,1351,170.1268
2016-08-31,199.47,489.3899,833.8352,2038.18,511.3816,2067.55,2813.12,2831.02,2752.32,3013.02,1770.79,768.96,2170.95,1719.52,416.61,893.68,5123.122,14359.912,18353.711,10980.321,14790.36,6695.544,55115.42,1308.97,167.129
2016-09-30,199.56,489.9543,832.6447,2036.98,511.3205,2073.24,2806.15,2824.51,2747.09,2994.37,1782.59,771.57,2168.27,1725.67,418.43,903.46,5128.311,14484.44,18536.491,11070.738,14739.405,6603.684,57375.17,1315.75,172.3635
2016-10-31,199.62,489.6041,823.627,2021.4,506.3627,2067.79,2783.32,2796.1,2738.24,2956.95,1789.47,760.27,2126.15,1690.92,411.01,905.09,5109.998,14499.084,18388.035,11101.094,14558.179,6284.26,53818.77,1277.3,171.5215
2016-11-30,199.64,487.6995,801.9652,1973.59,497.9996,2032.37,2708.65,2714.37,2683.97,2850.4,1780.98,728.6,2198.81,1712.09,413.43,862.83,5128.977,14748.313,18614.42,11144.464,14513.279,6146.93,59332.3,1173.25,173.8088
2016-12-30,199.71,487.8347,801.122,1976.37,499.3642,2032.34,2726.78,2736.39,2694.68,2868.82,1813.85,739.08,2238.83,1751.22,421.84,862.27,5185.878,14998.93,18769.165,11276.455,14643.26,6407.339,62058.32,1152.27,176.9417
2017-01-31,199.83,488.4765,802.9206,1980.25,497.5453,2031.65,2735.18,2743.93,2703.68,2882.06,1840.19,749.69,2278.87,1792.4,433.13,909.23,5224.839,15221.752,19118.981,11421.255,14577.532,6423.266,61555.89,1210.65,177.1814
2017-02-28,199.92,488.9601,806.8651,1993.56,501.8046,2041.37,2766.55,2777.35,2731.31,2913.56,1866.97,765.25,2363.64,1838.7,444.5,936.37,5270.419,15340.53,19327.614,11491.657,14693.677,6687.338,62575.65,1248.33,177.5513
2017-03-31,199.93,489.1314,806.4564,1992.51,501.5731,2041.95,2760.12,2769.92,2729.15,2896.75,1862.81,767.91,2362.72,1853.69,448.87,958.37,5284.227,15364.123,19496.115,11526.587,14628.624,6599.967,63554.92,1249.35,172.8258
2017-04-28,200.06,489.7907,812.0108,2007.89,504.9745,2055.27,2789.61,2801.46,2754.29,2929.04,1884.32,780.44,2384.2,1878.28,455.17,977.96,5305.239,15498.821,19641.294,11558.939,14648.539,6640.257,64157.22,1268.29,170.2237
2017-05-31,200.16,490.4062,817.2902,2023.34,507.9219,2068.03,2821.68,2835.33,2781.46,2968.84,1900.7,786.91,2411.8,1911.74,463.79,1005.33,5317.93,15519.83,19707.448,11558.345,14661.818,6627.035,63361.55,1268.94,167.9627
2017-06-30,200.31,489.9956,815.9787,2021.31,506.5003,2059.72,2830.31,2844.75,2787.56,2982.5,1903.27,784.89,2423.41,1916.43,465.09,1010.8,5304.147,15598.662,19874.946,11580.782,14533.058,6759.28,65688.9,1241.55,167.6399
2017-07-31,200.48,491.0498,817.3307,2030.01,508.1654,2069.03,2851.01,2865.23,2807.98,3007.22,1924.35,790.05,2470.3,1961.1,477.58,1066.23,5352.04,15728.405,20166.799,11662.468,14626.146,6841.514,65679.71,1269.43,171.4304
2017-08-31,200.69,491.9836,826.1032,2048.21,512.7964,2084.15,2873.15,2884.97,2829.87,3053.96,1923.6,803.7,2471.65,1959.74,478.41,1087.7,5403.171,15721.667,20288.827,11680.934,14741.621,6888.979,64635.79,1321.4,172.1214
2017-09-29,200.85,491.1563,819.0804,2038.46,510.4292,2079.48,2868.16,2882.65,2823.73,3029.37,1940.87,803.6,2519.36,2000.55,486.88,1081.72,5430.537,15833.404,20572.704,11730.933,14613.785,6843.979,69868.76,1280.15,171.8648
2017-10-31,201.01,490.8406,818.0963,2039.64,512.582,2078.83,2879.74,2895.01,2832.36,3048.22,1949.07,805.04,2575.26,2036.8,496.62,1119.08,5497.193,15900.674,20788.236,11751.012,14901.084,6839.074,69478.66,1271.08,175.5502
2017-11-30,201.16,489.8378,817.0134,2037.02,513.3761,2075.83,2875.55,2889.51,2828.94,3052.45,1944.09,802.89,2647.58,2077.36,505.44,1120.79,5493.59,15922.777,20990.403,11759.613,14872.476,7012.168,71343.72,1274.94,174.7404
2017-12-29,201.35,489.8908,819.5388,2046.37,514.5237,2082.61,2901.78,2920.11,2845.47,3086.42,1949.97,807.95,2673.61,2103.45,513.03,1158.45,5542.045,16136.599,21262.911,11856.236,14965.302,7002.837,71529.6,1303.05,179.9572
2018-01-31,201.58,488.4518,808.5255,2022.8,510.8506,2058.2,2874.04,2893.88,2818.04,3042.21,1961.66,806.37,2823.81,2213.24,541.67,1254.59,5674.385,16342.723,21866.994,11992.679,15377.067,6779.91,72658.05,1345.15,183.531
2018-02-28,201.74,488.2604,802.4491,2003.63,509.6988,2044.7,2827.38,2842.4,2782.57,2983.03,1944.99,790.57,2713.83,2117.99,518.08,1195.19,5573.613,16236.387,21464.098,11926.617,14807.789,6302.598,70334.31,1318.38,180.3569
2018-03-30,202.01,489.212,809.9427,2016.48,513.9247,2057.76,2834.54,2852.64,2782.54,2997.77,1933.24,793.55,2640.87,2066.84,505.81,1170.88,5546.184,16154.541,21328.697,11904.355,14725.814,6547.154,72007.81,1325,179.236
2018-04-30,202.29,488.4529,803.5024,2001.48,512.0125,2047.42,2808.24,2823.82,2761.78,2966.73,1945.82,781.94,2648.05,2086.51,509.69,1164.43,5558.886,16203.722,21399.882,11985.558,14761.24,6580.943,73218.25,1315.35,183.8683
2018-05-31,202.6,490.1845,810.6885,2015.76,513.9254,2061.73,2823.29,2840.13,2773.46,2987.24,1945.28,773.46,2705.27,2092.92,508.77,1120.71,5597.773,16373.889,21684.917,12061.301,14727.42,6814.442,78513.18,1298.52,186.4731
2018-06-29,202.92,490.283,810.8873,2013.28,514.8832,2062.73,2806.89,2820.99,2764.69,2957.87,1953.09,765.69,2718.37,2089.3,505.2,1069.52,5581.028,16462.608,21505.483,12053.043,14698.76,7088.39,79169.03,1253.16,179.9539
2018-07-31,203.25,490.2441,807.434,2013.76,515.0244,2060.55,2830.22,2848.86,2782.68,2967.11,1974.4,781.47,2816.29,2153.1,519.82,1087.46,5598.303,16529.934,21641.251,12170.16,14668.668,7144.597,79047.51,1224.09,176.1132
2018-08-31,203.59,491.8149,813.5568,2026.72,516.6072,2073.03,2844.2,2859.71,2800,2992.92,1988.96,766.45,2901.52,2175.5,522.88,1055.96,5653.284,16561.193,21824.577,12174.865,14802.514,7306.834,84158.81,1201.4,172.9951
